project_name,FrequÃªncia
ng-zorro-antd-doc,1
ng-zorro-antd-iframe,1
ng-zorro-antd-lib,1
playground,1
playground-e2e,1
docs,1
theme,1
auth,1
date-fns,1
eva-icons,1
firebase-auth,1
moment,1
security,1
devui,1
devui-e2e,1
devui-lib,1
mdb-angular-ui-kit-free,1
mdb-angular-ui-kit,1
ng-zorro-antd-mobile,1
ng-zorro-antd-mobile-e2e,1
ng-zorro-antd-mobile-lib,1
password-strength,1
@angular-material-extensions/password-strength,1
jhonline,1
dspace-angular,1
app,2
app-e2e,1
primeng-library,1
primeng,1
@angular/flex-layout,1
demo-app,1
universal-demo-app,1
pigallery2,1
mamba-ui,1
angular-split-app,1
angular-split,1
